"DESCRIPTION","DURATION IN MS","NAME","PARENT SUITE","START TIME","STATUS","STOP TIME","SUB SUITE","SUITE","TEST CLASS","TEST METHOD"
"","32352","Oncology – Create Site Flow","Chromium","2026-01-20","failed","2026-01-20","","OncologyAllFlows/siteOncologyFlow.spec.js","",""
"","208178","Single Site – Complete E2E Order Flow","Chromium","2026-01-20","passed","2026-01-20","","Single_Site/singleSiteFlow.spec.js","",""
"","35728","Direct to Patient – Complete Flow (CSV + PDF + Place Order)","Chromium","2026-01-20","failed","2026-01-20","","DirectToPatient/direct-to-patient.spec.js","",""
"","224217","Single Site – Complete E2E Order Flow","Chromium","2026-01-20","passed","2026-01-20","","Single_Site/singleSite.spec.js","",""
"","35948","Add New Site – Complete Flow","Chromium","2026-01-20","failed","2026-01-20","","DirectToPatient/sites-creater.spec.js","",""
"","262023","Login with OTP (Static Backend OTP)","Chromium","2026-01-20","passed","2026-01-20","","login-otp.spec.js","",""
"","36078","Oncology – Bulk Order Complete Flow","Chromium","2026-01-20","failed","2026-01-20","","OncologyAllFlows/oncologyAllFlows.spec.js","",""
"","304342","Dashboard should be visible after login","Chromium","2026-01-20","passed","2026-01-20","","dashboard.spec.js","",""
"","35999","Direct To Patient – Orders Page Verify","Chromium","2026-01-20","failed","2026-01-20","","DirectToPatient/orders-verify.spec.js","",""
